Categoría,Cantidad
Tecnología y electrónica,143
Telefonía: móviles y smartwatches,37
Otros teléfonos,10
Accesorios de móviles y smartwatches,17
Baterías para móviles,4
Sonido: auriculares y altavoces,13
Auriculares,6
Gaming: consolas y videojuegos,48
Videojuegos y más,33
Videojuegos,30
Merchandising de videojuegos,3
Altavoces,3
Otros accesorios de móviles y smartwatches,2
Tocadiscos,1
Fundas y carcasas para móviles,8
Consolas y accesorios,8
Consolas,6
PC gaming y streaming,4
Portátiles gaming,1
Smartwatches y pulsera de actividad,1
Piezas de recambio,2
Informática: ordenadores y tablets,22
Ordenadores de sobremesa,5
Accesorios de informática,5
Redes y conectividad,2
Imagen: televisores y proyectores,15
TV,11
Juegos para PC,3
Fotografía: cámaras y drones,6
Cámaras,3
Otras cámaras,3
Cámaras de vigilancia,1
Periféricos,4
Teclados,1
Accesorios y recambios de consolas,2
Otros artículos de gaming,3
Cables de informática,1
Portátiles,6
Proyectores,1
Webcams,1
Smartphones,6
Dispositivos de sonido,3
Otros dispositivos de audio,3
Otros artículos de imagen,2
Impresoras,2
Teléfonos vintage,3
Otros accesorios de informática,1
Cargadores y cables para móviles,1
Tablets,1
Accesorios de fotografía,1
Otros accesorios de fotografía,1
Drones,1
Accesorios consumibles para impresoras,1
Accesorios de televisores y proyectores,1
Mandos a distancia,1
Componentes y piezas de ordenador,1
